<?xml version="1.0" encoding="UTF-8"?>
<beans xmlns="http://www.springframework.org/schema/beans"
       xmlns:xsi="http://www.w3.org/2001/XMLSchema-instance"
       xmlns:mybatis-spring="http://mybatis.org/schema/mybatis-spring"
       xmlns:contex="http://www.springframework.org/schema/context"
       xsi:schemaLocation="http://www.springframework.org/schema/beans
       http://www.springframework.org/schema/beans/spring-beans.xsd
       http://mybatis.org/schema/mybatis-spring
       http://mybatis.org/schema/mybatis-spring.xsd http://www.springframework.org/schema/context https://www.springframework.org/schema/context/spring-context.xsd">

    <!-- DB연결 -->
    <bean id="hikariConfig" class="com.zaxxer.hikari.HikariConfig">
        <property name="driverClassName" value="com.mysql.cj.jdbc.Driver"/>
        <property name="jdbcUrl" value="jdbc:mysql://localhost:3306/springdb?userSSL=false&amp;servertimezone"/>
        <property name="username" value="root"/>
        <property name="password" value="1234"/>
    </bean>

    <bean id="dataSource" class="com.zaxxer.hikari.HikariDataSource"
          destroy-method="close">
        <constructor-arg ref="hikariConfig"/>
    </bean>

    <!-- mybatis -->
    <bean id="sqlSessionFactoryBean"
          class="org.mybatis.spring.SqlSessionFactoryBean">
        <property name="dataSource" ref="dataSource" />
    </bean>
    <mybatis-spring:scan base-package="org.example.springsecurity.mapper" />

    <contex:component-scan base-package="org.example.springsecurity.mapper" />

</beans>